,report_description,report_title,date_published,USD_values,link
0,"The Chatbot Market is expected to grow from USD 2.9 billion in 2020 to USD 10.5 billion by 2026, at a CAGR of 23.5% during the forecast period. Major vendors in the chatbot market include IBM (US), Microsoft (US), Google (US), AWS (US), Nuance (US), Oracle (US), Creative Virtual (UK), Artificial Solutions (Spain), Kore.ai (US), Inbenta (US), [24]7.AI (US), Aivo (Argentina) ServiceNow (US), Conversica (US), Personetics (US), LiveChat (Poland), MindMeld (US), CogniCor (US), Gupshup (US), Contus (India), Chatfuel (US), KeyReply (Singapore), SmartBots (US), Yellow Messenger (India), Kevit (India), Yekaliva (India), and Pypestream (US). These chatbot vendors have adopted various organic and inorganic strategies to sustain their positions and increase their market shares in the global chatbot market.","Chatbot Market by Component, Type (Rule Based & AI Based), Application (Customer Service, Customer Engagement & Retention), Channel Integration, Business Function (ITSM, Finance), Vertical, and Region - Global Forecast to 2026",March 2021,USD 2.9 billion,www.marketsandmarkets.com/Market-Reports/smart-advisor-market-72302363.html
1,"The Logistics Automation Market is expected to grow from USD 48.4 billion in 2020 to USD 88.9 billion by 2026, at a CAGR of 10.6% during the forecast period. Key and innovative vendors in the logistics automation market include 6 River Systems (US), ABB (Switzerland), BEUMER Group (Germany), Blue Yonder (US), Daifuku (Japan), Dematic (US), E&K Automation (Germany), Eyesee (Hardis Group) (France), Falcon Autotech (India), GreyOrange (US), HighJump (Korber) (US), Honeywell Intelligrated (US), Jungheinrich (Germany), Knapp (Austria), Locus Robotics (US), Manhattan Associates (US), Murata Machinery (Japan), Oracle (US), SAP (Germany), SBS Toshiba Logistics (Japan), Seegrid (US), SSI Schaefer (Germany), Swisslog (Switzerland), System Logistics (Italy), TGW Logistics Group (Austria), and Zebra Technologies (US).","Logistics Automation Market by Component, Function (Warehouse and Storage Management, Transportation Management), Organization Size (SMES, Large Enterprises), Vertical (3PL, Retail and Ecommerce, FMCG, Manufacturing), and Region - Global Forecast to 2026",March 2021,USD 48.4 billion,www.marketsandmarkets.com/Market-Reports/logistics-automation-market-83657139.html
2,"The green data center market is expected to grow from USD 49.2 billion in 2020 to USD 140.3 billion by 2026, at a compound annual growth rate (CAGR) of 19.1% during the forecast period.Schneider Electric (France), Vertiv (US), Hewlett Packard Enterprise (US), Green Revolution Cooling (US), Midas Green Technologies (US), Delta Electronics (Taiwan), Rittal (Germany), Eaton (Ireland), Cisco (US), Nortek Air Solutions (US), Dell Technologies (US), Asetek (Denmark), Airedale (UK),Lenovo (Hong Kong), Fujitsu (Japan), Cyber Power Systems (US), Super Micro (US), Tripp Lite (US), Inspur (China), CDP Energy (US), Bxterra Power Technology (US), ZutaCore(US), Submer (Spain), DCX The Liquid Cooling Company (Poland), and Liqit.io (Ukrain).","Green Data Center Market by Component (Solutions [Power, IT, Cooling] and Services [Design and Consulting, Maintenance and Support, Installation and Deployment]), Data Center Size (Small and Mid-sized, Large), Vertical, and Region -Global Forecast to 2026",March 2021,USD 49.2 billion,www.marketsandmarkets.com/Market-Reports/green-data-center-gdc-market-1032.html
3,"The AI Governance Market is expected to grow from USD 50 million in 2020 to USD 1,016 million by 2026, at a CAGR of 65.5% during the forecast period. Major vendors in the global AI governance market include Alphabet Inc. (US), Microsoft Corporation (US), IBM Corporation (US), Amazon Web Services, Inc. (US), QlikTech International AB (US), TIBCO Software Inc. (US), SAS Institute Inc. (US), Facebook, Inc. (US), SAP SE (Germany), Salesforce.com, Inc. (Salesforce), FICO (US), Zest AI (US), Pymetrics Inc. (US), H2O.ai, Inc. (US), Informatica LLC (US), Ataccama Corporation (Canada), DataRobot, Inc. (US), Dataiku (US), Kyndi, Inc. (US), SparkCognition, Inc. (US), Fiddler Labs, Inc. (US), DarwinAI (Canada), Truera (US), Genie AI Ltd. (UK), MindsDB Inc. (US), integrate.ai Inc. (Canada), Untangle AI Pte Ltd (Singapore), AnotherBrain (France), Diveplane Corporation (US), and 2021.AI (Denmark).","AI Governance Market by Component (Solutions (Platforms And Software Tools) and Services), Deployment Mode, Organization Size, Vertical (BFSI, Healthcare and Life Sciences, Government and Defense, and Automotive), and Region - Global Forecast to 2026",March 2021,USD 50 million,www.marketsandmarkets.com/Market-Reports/ai-governance-market-176187291.html
4,"The global simulation software market size is expected to grow from USD 12.7 billion in 2020 to USD 26.9 billion by 2026, at a Compound Annual Growth Rate (CAGR) of 13.2% during the forecast period. Major vendors in the global Simulation Software market include MathWorks (US), Autodesk (US), Ansys (US), Siemens AG (Germany), PTC (US), Dassault Systemes (France), Altair Engineering (US), MSC Software (US), Honeywell (US), Keysight Technologies (US), Aveva (UK), Spirent Communications (UK), Bentley Systems (US), Synopsys (Canada), AVL List GmbH (Austria), COMSOL (England), Certara (US), CAE (Presagis (Canada)), aPriori (US), PTV Group (Germany), AnyLogic (US), SimScale (Germany), Scalable Networks (US), Simul8 Corporation (UK), FlexSim (US), MOSIMTEC (US), Simio (US), ProSim (US), Cybernet (US), and Cesim (Finland).","Simulation Software Market by Component (Software (FEA, CFD), Services), Deployment (Cloud, On-premises), Application (Product Engineering, R&D, and Gamification), Vertical (Automobile, Healthcare and Pharmaceuticals), and Region - Global Forecast to 2026",March 2021,USD 12.7 billion,www.marketsandmarkets.com/Market-Reports/simulation-software-market-263646018.html
5,"The global Business Process Automation (BPA) market size is expected to grow from USD 9.8 billion in 2020 to USD 19.6 billion by 2026, at a Compound Annual Growth Rate (CAGR) of 12.2% during the forecast period. The BPA market is dominated by companies such as IBM (US), Pegasystems (US), Appian (US), Kissflow(India), Laserfiche (US), Nintex (US), Oracle (US), Software AG (Germany), Salesforce (US) Microsoft (US) , Bizagi (UK), OpenText (Canada), TIBCO (US), Creatio (US), Genpact (US), DXC Technology (UK), Newgen Software (India), Bonitasoft (France), Kofax (US), FlowForma (Ireland), AuraQuantic (US), AgilePoint (US), Automation Hero (US), Quickbase (US), and, Cortex (UK). These vendors have a large customer base and strong geographic footprint along with organized distribution channels, which helps them to increase revenues.","Business Process Automation Market by Component, Deployment Type, Organization Size, Business Function (Sales and Marketing, HR, Acoounting and Finance, Supply Chain, Customer Service Support) Vertical, and Region - Global Forecast to 2026",March 2021,USD 9.8 billion,www.marketsandmarkets.com/Market-Reports/business-process-automation-market-197532385.html
6,"The global Enterprise architecture tools market size is expected to grow from USD 989 million in 2020 to USD 1,283 million by 2026, at a Compound Annual Growth Rate (CAGR) of 4.4% during the forecast period. The enterprise architecture tools market comprises major providers, such as Software AG (Germany), Avolution (Australia), BiZZdesign (Netherlands), MEGA International (France), BOC Group (US), Orbus Software (UK), QualiWare (Denmark), Leanix (Germany), erwin (US), Sparx Systems (Australia), ValueBlue (Netherlands), UNICOM Global (US), Clausmark (Germany), Enterprise Architecture Solutions (UK), Planview (US), MonoFor (US), Valispace (Portugal), FIOS Insight (US), Aplas (Australia), NinjaRMM (US), CodeLogic (US), BetterCloud (US), Ardoq (Norway), Facility Planning Arts (US), and Keboola (US).The study includes an in-depth competitive analysis of key players in the enterprise architecture tools market with their company profiles, recent developments, COVID-19 developments, and key market strategies.","Enterprise Architecture Tools Market by Component (Solutions and Services (Managed Services and Professional Services)), Deployment Type, Organization Size, Vertical (BFSI, IT, Manufacturing), and Region - Global Forecast to 2026",March 2021,USD 989 million,www.marketsandmarkets.com/Market-Reports/enterprise-architecture-tools-market-147467618.html
7,"The IoT Professional Services Market is expected to grow from USD 98.8 billion in 2020 to USD 149.9 billion by 2026, at a CAGR of 7.2% during the forecast period. Major vendors operating in the IoT professional services market include Accenture Accenture (Ireland), Atos (France), IBM (US), Cognizant (US), DXC (US), Deloitte (UK), Capgemini (France), TCS (India), NTT DATA Corporation (Japan), Infosys (India), AT&T (US), Wipro (India), Happiest Minds (India), Mindtree (India), General Electric (US), Honeywell International Inc. (US), Oracle (US), HCL (India), Virtusa (US), Vodafone (UK), Tech Mahindra (India), EY Global (UK), Prodapt Solutions (India), Unisys (US), Siemens Advanta Consulting (Germany), and ORBCOMM (US). ","IoT Professional Services Market by Service Type (IoT Consulting, IoT Infrastructure, System Designing and Integration), Organization Size, Deployment Type, Application (Smart Buildings, Smart Transport and Logistics), and Region - Global Forecast to 2026",March 2021,USD 98.8 billion,www.marketsandmarkets.com/Market-Reports/iot-professional-service-market-93273117.html
8,"The global Wi-Fi market size is projected to grow from USD 9.4 billion in 2020 to USD 25.2 billion by 2026, at a Compound Annual Growth Rate (CAGR) of 17.8 % during the forecast period. Major vendors in the global Wi-Fi market include Cisco (US), Ericsson (Sweden), Extreme Networks (US), Huawei (China), Juniper Networks (US), Panasonic (Japan), Fortinet (US), NETGEAR (US), Aruba (US), Alcatel-Lucent Enterprise (France), D-Link (Taiwan), Broadcom (US), Airtel (India), Orange Business Services (France), Comcast Business (US), Vodafone (UK), Telstra (Australia), Fujitsu (Japan), AT&T (US), Lever Technology Group (UK), Redway Networks (Buckinghamshire), Ubiquiti Networks (US), iPass (US), Superloop (Australia), Cambium Networks (US), CASA Systems (US), Fon (Spain).","Wi-Fi Market by Component (Hardware, Solution, and Services), Density (High-density Wi-Fi and Enterprise-class Wi-Fi), Location Type (Indoor and Outdoor), Organization Size, Vertical (Education, Retail and eCommerce), and Region - Global Forecast to 2026",March 2021,USD 9.4 billion,www.marketsandmarkets.com/Market-Reports/global-wi-fi-market-994.html
9,"MarketsandMarkets forecasts the 5G services market to grow from USD 53.93 billion in 2020 to USD 123.27 billion by 2025, at a Compound Annual Growth Rate (CAGR) of 18% during the forecast period. The major factors expected to drive the 5G services market growth are the rising demand for reliable and ultra-low latency connectivity services and increasing use of connected IoT devices. The key players in the 5G services market include AT&T (US), Airtel (India), BT Group (UK), China Mobile (China), China Telecom (China),Deutsche Telecom (Germany), du (UAE), Korea Telecom (Korea), Sprint (US), Saudi Telecom Company (Saudi Arabia), SK Telecom (South Korea), Telstra (Australia), Vodafone (UK), and Verizon (US).","5G Services Market by End User (Consumers and Enterprises), Enterprise (Manufacturing, Media and Entertainment, Transportation and Logistics, Government), Application, Communication Type (eMBB, MMTC, URLLC, and FWA), and Region - Global Forecast to 2026",March 2021,USD 53.93 billion,www.marketsandmarkets.com/Market-Reports/5g-services-market-226908556.html
10,"The Enterprise Mobility Management Market is expected to grow from USD 16.6 billion in 2020 to USD 63.6 billion by 2026, at a CAGR of 25.1% during the forecast period. The major vendors offering EMM solutions are IBM (US), Microsoft(US), Cisco (US), BlackBerry (Canada), VMware(US), SAP (Germany), Citrix (US), Matrix42(Germany), MobileIron (US), Nationsky (China), Snow Software(Sweden), Sophos (UK), SOTI (Canada), Codeproof (US), Netplus Mobility (US), Hexnode (US), ManageEngine(US), Miradore (Finland), Quest Software (US), Ivanti(US), Scalefusion (India), 42Gears Mobility Systems(India), Social Mobile (US), AppTech (Switzerland), and Jamf (US).","Enterprise Mobility Management Market by Component, Solution (Mobile Device Management, Mobile Application Management), Deployment Mode, Organization Size, Vertical (BFSI, Manufacturing), and Region - Global Forecast to 2026",March 2021,USD 16.6 billion,www.marketsandmarkets.com/Market-Reports/enterprise-mobility-management-market-31847012.html
11,"The global customer journey analytics market size to grow from 8.3 billion in 2020 to USD 25.1 billion by 2026, at a Compound Annual Growth Rate (CAGR) of 20.3% during the forecast period. Major vendors in the global customer journey analytics market include include Oracle (US), Adobe (US), Salesforce (US), NICE (US), SAP (Germany), Microsoft (US), Google (US), Genesys (US), Cisco (US), Teradata (US), Alterian (US), [24]7.ai (US), Pointillist (US), BryterCX (US), inQuba (South Africa), Kitewheel (US), Verint (US), Thunderhead (UK), Servion (India), CallMiner (US), NGDATA (Belgium), Acoustic (US), FirstHive (US), CaliberMind (US), Amperity (US), and Cerebri AI (US). ","Customer Journey Analytics Market by Component, Organization Size, Deployment Mode, Data Source, Application (Campaign Management & Product Management), Vertical (BFSI, Retail & eCommerce, & Telecommunications and IT), and Region - Global Forecast to 2026",March 2021,USD 25.1 billion,www.marketsandmarkets.com/Market-Reports/customer-journey-analytics-market-119398916.html
12,"The global blockchain IoT market size is projected to grow from USD 258 million in 2020 to USD 2,409 million by 2026, at a Compound Annual Growth Rate (CAGR) of 45.1% during the forecast period. Key and innovative vendors in the Blockchain IoT market include IBM (US), Microsoft (US), Intel (US), Amazon Web Services (US), Huawei (China), Cisco (US), SAP (Germany), Ethereum Foundation (Switzerland), The Linux Foundation (US), R3 (US), Arctouch (US), Waltonchain (China), Helium (US), Factom (US), HYPR (US), Chronicled (US), KrypC (India), IoTeX (Singapore), Discovery (Malta), Iota (Germany), Atonomi (US), Xage (US), Ambrosus (Estonia), NetObjex (US), and Grid+ (US).","Blockchain IoT Market by Component (Hardware (IoT Sensors & Crypto-Wallets), Software and Platform, and Services), Application (Smart Contract, Security, and Asset Tracking and Management), Organization Size, Vertical, and Region - Global Forecast to 2026",February 2021,USD 258 million,www.marketsandmarkets.com/Market-Reports/blockchain-iot-market-168941858.html
13,"The Blockchain Supply Chain Market is expected to grow from USD 253 million in 2020 to USD 3,272 million by 2026, at a CAGR of 53.2% during the forecast period. Major vendors in the global blockchain supply chain market include IBM (US), Microsoft (US), SAP SE (Germany), Amazon Web Services (AWS) (US), Oracle (US), Huawei (China), Guardtime (Estonia), Tibco Software (US), Bitfury (Netherlands), Interbit (Canada), Auxesis (India), Vechain Foundation (China), Chainvine (UK), Digital Treasury Corporation (DTCO) (China), Datex Corporation (US), OpenXcell (US), Algorythmix (India), Blockverify (UK), Applied Blockchain (UK), Transchain (France), Omnichain (US), Ownest (France), Traceparency (France), Peer Ledger (Canada), OARO (Spain), and Records Keeper (Spain), .","Blockchain Supply Chain Market by Offering (Platform, Services), Type (Public, Private, and Hybrid and Consortium), Provider, Application (Asset Tracking, Smart Contracts), Enterprise Size, Vertical (FMGC, Healthcare), and Region - Global Forecast to 2026",February 2021,USD 253 million,www.marketsandmarkets.com/Market-Reports/blockchain-supply-chain-market-90851499.html
14,"The Enterprise Asset Management Market is expected to grow from USD 3.3 billion in 2020 to USD 5.5 billion by 2026, at a CAGR of 8.7% during the forecast period. The EAM market includes major vendors, such as IBM (US), SAP (Germany), Oracle (US), Infor (US), IFS (Sweden), ABB (Switzerland), Intelligent Process Solutions (Germany), Maintenance Connection (US), Aveva (UK), Aptean (US), Emanit (US), CGI (Canada), Rfgen Software (US), Assetworks (US), Ultimo Software Solutions (UK), UpKeep (US), Asset Panda (US), EZOfficeInventory (US), EZMaintain.com (US), Pazo (India), Asset Infinity (India), KloudGin (US), Fracttal (Chile), InnoMaint Software (India), Aladinme (UAE), Limble (US), Redlist (US), TrackX (US), Cheqroom (Belgium), The Asset Guardian (Canada), GoCodes (US), and Fleetio (US). The major players have implemented various growth strategies to expand their global presence and increase their market shares. Key players such as Oracle, IBM, SAP, Infor and IFS have majorly adopted many growth strategies, such as new product launches, acquisitions, and partnerships, to expand their product portfolios and grow further in the EAM market.","Enterprise Asset Management Market by Application, Component, Organization Size, Deployment Model, Vertical (Energy and Utilities, Government and Public Sector, Manufacturing, Transportation and Logistics), and Region - Global Forecast to 2026 ",February 2021,USD 3.3 billion,www.marketsandmarkets.com/Market-Reports/enterprise-asset-management-market-54576143.html
15,"The Big Data Security Market is expected to grow from USD 17.5 billion in 2020 to USD 35.3 billion by 2026, at a CAGR of 12.4% during the forecast period. Major vendors, namely, include IBM (US), Oracle (US), Microsoft (US), Google (US), Amazon Web Services (US), Hewlett Packard Enterprise (US), Talend (US), Micro Focus (UK), Check Point (Israel), FireEye (US), Rapid7 (US), Thales (France), and Informatica (US).","Big Data Security Market by Component, by Software, Deployment Type, Organization Size (Large Enterprise, SMEs), Vertical, and Region (North America, Europe, APAC, MEA, Latin America) - Global Forecast to 2026",February 2021,USD 17.5 billion,www.marketsandmarkets.com/Market-Reports/big-data-security-market-226620117.html
16,"The Automotive Ethernet Market is expected to grow from USD 1.8 billion in 2020 to USD 5.6 billion by 2026, at a CAGR of 20.9% during the forecast period. Key and emerging market players include Broadcom (US), NXP Semiconductors N.V. (Netherlands), Marvell (Bermuda), Microchip Technology Inc. (US), Vector Informatik GmbH (Germany), System-on-Chip Engineering S.L. (Spain), Molex, LLC (US), Texas Instruments (US), Cadence Design Systems, Inc. (US), TTTech Auto AG (Austria), Excelfore (US), DASAN Networks, Inc. (South Korea), ACTIA Group (France), NEXCOM International Co., Ltd. (Taiwan), AllGo Embedded Systems Pvt. Ltd. (India), Spirent Communications (UK), Keysight Technologies (US), Aukua Systems Inc (US), Intrepid Control Systems (US), RUETZ SYSTEM SOLUTIONS GMBH (Germany), TSN Systems GmbH (Germany), Xena Networks (Denmark), TEKTRONIX, INC (US), Rohde & Schwarz (Germany), and Realtek Semiconductor Corp. (Taiwan).","Automotive Ethernet Market by Component (Hardware, Software, and Services), Type, Bandwidth, Application, Vehicle Type (Passenger Cars, Commercial Vehicles, and Farming and Off-highway Vehicles), and Region - Global Forecast to 2026",February 2021,USD 1.8 billion,www.marketsandmarkets.com/Market-Reports/automotive-ethernet-market-103704247.html
17,"The Natural Language Processing Market is expected to grow from USD 11.6 billion in 2020 to USD 35.1 billion by 2026, at a CAGR of 20.3% during the forecast period. Major vendors in the NLP include IBM (US), Microsoft (US), Google (US), AWS (US), Facebook (US), Apple (US), 3M (US), Intel (US), SAS Institute (US), Baidu (China), Inbenta (US), Veritone (US), Dolbey (US), Narrative Science (US), Bitext (Spain), Health Fidelity (US), Linguamatics (UK), Conversica (US), SparkCognition (US), Automated Insights (US), Gnani.ai (India), Niki (India), Mihup (India), Observe.AI (US), Hyro (US), Just AI (England), RaGaVeRa (India). These NLP vendors have adopted various organic and inorganic strategies to sustain their positions and increase their market shares in the global NLP market.","Natural Language Processing Market by Component, Type (Statistical, Hybrid), Application (Automatic Summarization, Sentiment Analysis, Risk & Threat Detection), Deployment Mode, Organization Size, Vertical, and Region - Global Forecast to 2026",February 2021,USD 11.6 billion,www.marketsandmarkets.com/Market-Reports/natural-language-processing-nlp-825.html
18,"The Zero Trust Security Market is expected to grow from USD 19.6 billion in 2020 to USD 51.6 billion by 2026, at a CAGR of 17.4% during the forecast period. The major vendors covered in the zero trust security market include Cisco Systems Inc. (US), Akamai Technologies, Inc. (US), Palo Alto Networks, Inc. (US), Symantec Corporation (US), Okta, Inc. (US), Forcepoint, LLC (US), Centrify Corporation (US), Cyxtera Technologies (US), Illumio (US), Sophos Group Plc (UK), Google LLC (US), Microsoft, Inc. (US), VMware Inc. (US), Trend Micro Incorporated (Japan), Cloudflare (US), IBM Corporation (US), Fortinet (US), Check Point Software Technologies Ltd. (US), Pulse Secure, LLC (US), and ON2IT (Netherlands).","Zero Trust Security Market by Solution Type (Data Security, Endpoint Security, API Security, Security Analytics, Security Policy Management), Deployment Type, Authentication Type, Organization Size, Vertical, and Region - Global Forecast to 2026",February 2021,USD 19.6 billion,www.marketsandmarkets.com/Market-Reports/zero-trust-security-market-2782835.html
19,"The post-COVID 19 global Cloud Security Posture Management (CSPM)market size is expected to grow USD 9.0 billion by 2026, at a Compound Annual Growth Rate (CAGR) of 14.4% during the forecast period. Major vendors in the global Cloud Security Posture Management market include IBM Corporation (US), VMware, Inc. (US), Microsoft Corporation (US), CheckPoint Software Technologies Pvt Ltd (Israel), McAfee Corporation (US), Fortinet (US), Forcepoint (US), FireEye (US), Zscaler (US), Cisco Systems (US), Optiv Security (US), Sophos Group Plc. (UK), Atos (France), Palo Alto Networks, Inc. (US), CrowdStrike Holdings Inc. (US), CipherCloud (US), Aqua Security (US), Aujas Cybersecurity (US), Armor Defense Inc (US), BitGlass (US), Hillstone Networks (China), Netskope (US), DivvyCloud Corporation (US), Fugue, Inc (US), Orca Security (Israel), Accurics (US), AppOmni (US), CloudPassage (US), OpsCompass, LLC (US), Adaptive Shield (Israel), and Blazeclan Technologies (India).","Cloud Security Posture Management Market by Component (Solution and Services), Cloud Model (IaaS and SaaS), Vertical (BFSI, Healthcare, Retail and Trade, IT and Telecommunication, Public Sector, and Education), and Region - Global Forecast to 2026",February 2021,USD 9.0 billion,www.marketsandmarkets.com/Market-Reports/cloud-security-posture-management-market-71228949.html
20,"The global event management software market size is expected to reach USD 6.4 billion by 2026, at a Compound Annual Growth Rate (CAGR) of 10.0% during the forecast period. The event management software market is dominated by companies such as Cvent (US), Aventri (US), Eventbrite (US), XING Events (Germany), Ungerboeck Software (US), Bizzabo (US), Certain (US), Attendify (US), RainFocus (US), ACTIVE Networks (US), Eventzilla (US), Meeting Evolution (US), EventMobi (Canada), Zoho Corporation (India), Regpack (US), EventBooking (US), Bitrix24 (US), Arlo (UK), WebMobi (US), Tripleseat (US). Hubilo (US), Circa (US), Hubb (US), Accelevents (US), Glue Up (US), idloom (Belgium), Eventdex (US), Event Temple (Canada), eventuosity (US), and Whova (US). These vendors have a large customer base and strong geographic footprint along with organized distribution channels, which helps them to increase revenues.","Event Management Software Market by Component (Software (Event Registration and Ticketing, Content Management) and Services), Deployment Type, Organization Size, End User (Event Organizers and Planners, Government), and Region - Global Forecast to 2026",February 2021,USD 6.4 billion,www.marketsandmarkets.com/Market-Reports/event-management-software-market-136859992.html
21,"The Edge AI Software Market is expected to grow from USD 590 million in 2020 to USD 1,835 million by 2026, at a CAGR of 20.8% during the forecast period. Major vendors in the global Edge AI software market include Alphabet Inc. (US), Microsoft Corporation (US), IBM Corporation (US), Amazon Web Services, Inc. (US), Nutanix (US), Synaptics Incorporated (US), SWIM.AI Inc. (US), Imagimob AB (Sweden), Anagog Ltd. (Israel), TIBCO Software Inc. (US), Octonion SA. (Switzerland), FogHorn Systems (US), Bragi (Germany), Gorilla Technology Group (Taiwan), SixSq Sàrl (Switzerland), Azion Technologies LLC (US), ClearBlade Inc. (US), Alef Edge Inc. (US), Adapdix (US), byteLAKE (Poland), Reality Analytics Inc. (US), Deci (Israel), StrataHive (India), edgeworx (US), Invision AI Inc. (Canada), Veea Inc. (US), and Tact.ai Technologies, Inc. (US), Horizon Robotics (China), Kneron Inc. (US), and DeepBrainz AI (India).","Edge AI Software Market by Component (Solutions and Services), Data Source, Application (Autonomous Vehicles, Access Management, Video Surveillance, Remote Monitoring and Predictive Maintenance, and Telemetry), Vertical, and Region - Global Forecast to 2026",February 2021,USD 590 million,www.marketsandmarkets.com/Market-Reports/edge-ai-software-market-70030817.html
22,"The 5G Industrial IOT Market is expected to grow from USD 0.5 billion in 2020 to USD 15.7 billion by 2026, at a CAGR of 79.1% during the forecast period. Major vendors operating in the 5G INDUSTRIAL IOT market include Qualcomm Technologies, Inc. (Qualcomm), Ericsson (Ericsson), Nokia (Nokia), Huawei Technologies Co., Ltd. (Huawei), Cisco Systems (Cisco), AT&T (AT&T), IBM Corporation (IBM), Microsoft Corporation (Microsoft), Siemens AG (Siemens), Verizon (Verizon), Sierra Wireless (Sierra Wireless), Telefónica S.A. (Telefónica), China Mobile Limited (China Mobile), China Unicom (Hong Kong) Limited (China Unicom), Vodafone (Vodafone), Advantech Co., Ltd. (Advantech), ASOCS (ASOCS), T-Mobile USA, INC (T-Mobile), TELUS (TELUS), Honeywell International Inc. (Honeywell), Intel Corporation (Intel), Bosch.IO GmbH (Bosch.IO), Deutsche Telekom AG (Deutsche Telekom), Telit (Telit), Thales Group (Thales), IDEMIA (IDEMIA), KT Corporation (KT), ABB (ABB), and NTT Data Corporation (NTT Data).","5G Industrial IOT Market by Component (Hardware, Solutions, and Services), Organization Size, Application (Predictive Maintenance, Business Process Optimization), End User (Process Industries and Discrete Industries) and Region - Global Forecast to 2026",February 2021,USD 0.5 billion,www.marketsandmarkets.com/Market-Reports/5g-industrial-iot-market-258071167.html
23,"The 5G Security Market is expected to grow from USD 580 million in 2020 to USD 5,226 million by 2026, at a CAGR of 44.3% during the forecast period. Key and innovative vendors in the 5G security market include Check Point (US), Clavister (Sweden), Colt Technology (UK), ForgeRock (US), G+D Mobile Security (Germany), Mobileum (US), Positive Technologies (UK), Radware (Israel), and Riscure (The Netherlands).","5G Security Market by Component (Solutions (Next-Generation Firewall, Antivirus, DDOS Protection, DLP, Security Gateway) and Services), Network Component Security, Architecture, Deployment Type, End User, Vertical, and Region - Global Forecast to 2026",February 2021,USD 580 million,www.marketsandmarkets.com/Market-Reports/5g-security-market-261636732.html
24,"The Retail Point of Sale Market is expected to grow from USD 15.8 billion in 2020 to USD 34.4 billion by 2026, at a CAGR of 13.9% during the forecast period. Major vendors in the global Retail POS market include Diebold Nixdorf (US), Ingenico (France), Intuit (US), NCR Corporation (US), SAP (Germany), Verifone (US), PAX Technology (Hong Kong), Square (US), Shopify (Canada), NEC Corporation (Japan), Toshiba Tec Corporation (Japan), Epicor (US), Lightspeed (Canada), Clover (US), Elavon (US), Castels Technology (Taiwan), Newland Payment Technology (China), New POS Technology (China), HP (US), Cegid Grou (France), Posiflex Technology (Taiwan), Centerm (China), Revel System (US), Vend (New Zealand), Zebra Technologies (US).","Retail Point of Sale Market by Product (Fixed POS, Mobile POS), Component (Hardware, Software, and Services (eployment & Integration, Support & Maintenance)), End User (Grocery Stores, Specialty Stores, Gas Stations), and Region - Global Forecast to 2026",February 2021,USD 15.8 billion,www.marketsandmarkets.com/Market-Reports/retail-point-of-sale-pos-market-49453884.html
25,"The Mass Notification Systems Market is expected to grow from USD 8.0 billion in 2020 to USD 27.3 billion by 2026, at a CAGR of 20.5% during the forecast period. The major vendors offering MNS solutions are IBM (US), Google (US), Motorola Solutions (US), BlackBerry (US), Eaton (Ireland), Honeywell (US), Siemens (Germany), Everbridge (US), Blackboard (US), Desktop Alert (US), OnSolve (US), Singlewire Software (US), xMatters (US), Regroup Mass Notification (US), Alertus (US), Johnson Controls (US), Federal Signal Corporation (US), Rave Mobile Safety (US), and AlertFind (US), ATI Systems (US), CrisisGo (US), Omnilert (US), Catalyst Technologies (Australia), Omnigo (US), and Klaxon (UK).","Mass Notification Systems Market by Component (Solutions and Services), Application (Business Continuity and Management), Deployment Mode, Organization Size, Vertical (IT and Telecom, Transportation and Logistics), and Region - Global Forecast to 2026",February 2021,USD 8.0 billion,www.marketsandmarkets.com/Market-Reports/mass-notification-market-1248.html
26,"The Virtualized Evolved Packet Core (vEPC) Market is expected to grow from USD 3.9 billion in 2020 to USD 13.7 billion by 2026, at a CAGR of 22.8% during the forecast period. Key and innovative vendors in the in-building wireless market include Nokia (Finland), Ericsson (Sweden), Cisco(US), Huawei (China), ZTE (China), Samsung (South Korea), Affirmed Networks(US), Mavenir(US), NEC(Japan), Athonet(Italy), Cumcore(Finland), Druid Software(Ireland), IPLook (China), Tech Mahindra (India), Parallel Wireless (US), Polaris Networks (US), Xingtera (US), Lemko (US), Tecore(US), and Telrad Networks (Israel).","Virtualized Evolved Packet Core (vEPC) Market by Component (Solutions and Services(Professional and Managed)),Deployment Model (Cloud, On-premises),Network Type(4G and 5G) End User(Telecom operators, Enterprises)and Region - Global Forecast to 2026",February 2021,USD 3.9 billion,www.marketsandmarkets.com/Market-Reports/virtualized-evolved-packet-core-market-45409339.html
27,"The Sales Performance Management Market is expected to grow from USD 1.5 billion in 2020 to USD 3.4 billion by 2026, at a CAGR of 14.9% during the forecast period. Market players profiled in this report include SAP (Germany), Oracle (US), Xactly (US), Anaplan (US), NICE (Israel), Varicent (Canada), beqom (Switzerland), Performio (US), Incentives Solutions (Israel), Optymyze (UK), Salesforce (US), Iconixx (US), Axtria (US), Gryphon Networks (US), CellarStone (US), ZS (US), Board (Switzerland), Zoho (India), InnoVyne (Canada), and XANT (US) among others. These players offer various SPM solutions to cater to the demands and needs of the market. Major growth strategies that are adopted by the players include new product launches/product enhancements and partnerships/acquisitions.","Sales Performance Management Market by Component (Solutions and Services), Organization Size (Large Enterprises and SMEs), Deployment Type (On-premises and Cloud), Vertical (BFSI, Telecommunications, and Manufacturing), and Region - Global Forecast to 2026",February 2021,USD 1.5 billion,www.marketsandmarkets.com/Market-Reports/sales-performance-management-market-252216710.html
28,"The perimeter security market is projected to reach USD 96.5 billion by 2026, at a Compound Annual Growth Rate (CAGR) of 7.9% during the forecast period. Major vendors offering Perimeter security software include Honeywell (US), Dahua Technology (China), Bosch Security Systems (Germany), Hikvision (China), Axis Communications (Sweden), Pelco (US), Thales Group (France), Johnson Controls (US), Fiber Sensys (US), Panasonic Corporation (Japan), United Technologies Corporation (US), Gallagher (New Zealand), Avigilon (Canada), Flir Systems (US), Senstar (Canada), Ingersoll Rand (US), Infinova (US), Southwest Microwave (US), Rbtec Perimeter Security Systems (US), Sorhea (France), Puretech Systems (US), Advanced Perimeter Systems (UK), Cias Elettronica (Italy), Sightlogix (US), and Nortek Security & Control (US).","Perimeter Security Market by Component (Systems (Perimeter Intrusion Detection, Video Surveillance, Access Control, and Alarms and Notification Systems) and Services (Professional and Managed Services)), Vertical, and Region - Global Forecast to 2026",February 2021,USD 96.5 billion,www.marketsandmarkets.com/Market-Reports/perimeter-security-market-1311.html
29,"The Cloud TV Market is expected to grow from USD 1.2 billion in 2020 to USD 4.2 billion by 2026, at a CAGR of 21.9% during the forecast period. The Cloud TV market comprises major solution providers, such as Kaltura (US), Brightcove (US), Amino Technologies (UK), Muvi (US), IntelliMedia Networks (US), Pontis Technologies (Argentina), Mware Solutions (Netherlands), MatrixStream Technologies (US), CSG Systems International Inc (US), Viaccess-Orca (France), Simplestream (UK), MediaKind (US), Comcast Technology Solutions (US), ActiveVideo (US), Synamedia (UK), Entertainment And Interactivity For Digital Tv (Brazil), Egla Communications (US), Minerva Networks (US), SeaChange International (US), Icareus (Finland), video.space (US), AVITENG (Turkey), Amagi Corporation (US), Metrological (Netherlands), and Streemfire (Austria). These players adopt new product developments as their key growth strategy.","Cloud TV Market by Deployment Type (Public Cloud and Private Cloud), Device Type (STBs, and Mobile Phones and Connected TVs), Organization Size, Vertical (Telecom Companies, and Media Organizations and Broadcasters), and Region - Global Forecast to 2026",February 2021,USD 1.2 billion,www.marketsandmarkets.com/Market-Reports/cloud-tv-market-52443428.html
30,"The Supply Chain Management Market is expected to grow from USD 23.2 billion in 2020 to USD 41.7 billion by 2026, at a CAGR of 10.3% during the forecast period. Major vendors in the global SCM market include SAP SE (Germany), Oracle (US), The Descartes Systems Group (Canada), Infor (US), IBM (US), Manhattan Associates (US), Logility (US), Kinaxis (Canada), Blue Yonder (US), Korber (US), Coupa Software (US), Epicor (US), BluJay Solutions (US), Llamasoft (US), E2open (US), JAGGAER (US), Zycus (US), GEP (US), Tive (US), Calista (Singapore), Most (Sweden), FreightBro (India), 4TiGo (India), Trukky (India), Lobb (India).","Supply Chain Management Market by Component (Hardware (Barcode and Barcode Scanners and RFID Tags and Readers), Software, and Services), Deployment Mode (Cloud and On-premises), Organization Size, Vertical, and Region - Global Forecast to 2026",February 2021,USD 23.2 billion,www.marketsandmarkets.com/Market-Reports/supply-chain-management-market-190997554.html
31,"The global sensitive data discovery market size to is projected to reach USD 12.4 billion by 2026, at a Compound Annual Growth Rate (CAGR) of 16.1% during the forecast period. Major vendors in the global sensitive data discovery market include IBM (US), Microsoft (US), Oracle (US), AWS (US), Proofpoint (US), Google (US), SolarWinds (US), Micro Focus (UK), PKWARE (US), Thales (France), Spirion (US), Egnyte (US), Netwrix (US), Varonis (US), Digital Guardian (US), Solix (US), Immuta (US), MENTIS (US), Ground Labs (US), Hitachi (Japan), Nightfall (US), Securiti (US), DataGrail (US), Dathena (Singapore), BigID (US), DataSunrise (US), and 1touch.io (US).","Sensitive Data Discovery Market by Component, Organization Size, Deployment Mode, Application (Security and Risk Management, Compliance Management, Asset Management), Vertical (BFSI, Healthcare and Life Sciences), and Region - Global Forecast to 2026",February 2021,USD 12.4 billion,www.marketsandmarkets.com/Market-Reports/sensitive-data-discovery-market-191231584.html
32,"The Partner Relationship Management Market is expected to grow from USD Old to USD 1,997 million by 2026, at a CAGR of 13.8% during the forecast period. The major players in the PRM market are Allbound (US), Channeltivity (US), Oracle (US), Salesforce (US), Impartner (US), LogicBay (US), Magentrix (Canada), ZINFI Technologies (US), Zift Solutions (US), Mindmatrix (US), PartnerStack (Canada), ChannelXperts (Germany), Creatio (US), AppDirect (US), Webinfinity (US), PartnerPortal.io (Canada), Kiflo (France), Crossbeam (US), Everflow (US), Affise (Lithuania), WorkSpan (US), LeadMethod (US), Sharework (France), Agentcis(Australia), and CoSell (US). The study includes an in-depth competitive analysis of key players in the PRM market with their company profiles, recent developments, COVID-19 developments, and key market strategies.","Partner Relationship Management Market by Component (Solutions (Engage, Collaborate, and Manage) and Services (managed and training, consulting, and integration)), Deployment Type, Organization Size, Vertical, and Region - Global Forecast to 2026",February 2021,USD Old to,www.marketsandmarkets.com/Market-Reports/partner-relationship-management-market-9348944.html
33,"The global VaaS market size is expected to grow USD 6.2 billion by 2026, at a Compound Annual Growth Rate (CAGR) of 8.7% during the forecast period. Major vendors in the VaaS market include Microsoft (US), Zoom (US), Cisco (US), Adobe (US), Avaya (US), Google (US), AWS (US), Poly (US), LogMeIn (US), and RingCentral (US).","Video as a Service Market by Application (Corporate Communication, Training and Development, and Marketing and Client Engagement), Cloud Deployment Mode, Vertical (Healthcare and Life Sciences and BFSI), and Region - Global forecast to 2026",February 2021,USD 6.2 billion,www.marketsandmarkets.com/Market-Reports/video-as-a-service-market-79429774.html
34,"The Customer Success Platforms Market is expected to grow from USD 1.0 billion in 2020 to USD 2.5 billion by 2025, at a CAGR of 20.4% during the forecast period. Key and emerging market players include Salesforce (US), Cisco(US), HubSpot (US), Gainsight (US), Freshworks (US), Totango (US), Amity (Canada), Strikedeck (US), ChurnZero (US), SmartKarrot (US), ClientSuccess (US), Bolstra (US), UserIQ (US), Planhat (Sweden), Salesmachine (US), Catalyst (US), AppsForOps (Australia), Armatic (US), CustomerSuccessBox (US), Clientshare (UK), Wootric (US), ZoomInfo (US), Akita (Ireland), Intercom (US), WalkMe (US), and Custify (Romania).","Customer Success Platforms Market by Component, Application (Sales and Marketing Optimization, Risk and Compliance Management, Reporting and Analytics), Deployment Mode, Organization Size, Vertical, and Region - Global Forecast to 2025",January 2021,USD 1.0 billion,www.marketsandmarkets.com/Market-Reports/customer-success-platforms-market-140271118.html
35,"The major players in the eDiscovery market are Microsoft(US), IBM(US), OpenText(Canada), Deloitte(US), Micro Focus(UK), ZyLAB(The Netherlands), Relativity(US), Nuix(Australia), Logikcull(US), KLDiscovery(US), Exterro(US), Thomson Reuters(Canada), Knovos(US), Casepoint(US), Nextpoint(US), DISCO(US), Veritas(US), One Discovery(US), Congruity360(US), Onna(US), Everlaw(US), Texifter(US), Allegory(US), Evichat(Canada), and Reductech(UK). The study includes an in-depth competitive analysis of key players in the eDiscovery market with their company profiles, recent developments, COVID-19 developments, and key market strategies.","eDiscovery Market by Component (Software (Processing, Review and Analysis, Identification, Preservation and Collection, and Production and Presentation) and Services), Deployment Type, Organization Size, Vertical, and Region - Global Forecast to 2025",January 2021,USD 1.0 billion,www.marketsandmarkets.com/Market-Reports/e-discovery-market-11881863.html
36,"The GNSS Simulators Market is expected to grow from USD 106 million in 2020 to USD 165 million by 2025, at a CAGR of 9.3% during the forecast period. Major vendors in the global GNSS simulators market include Spirent Communications (US), Rohde & Schwarz (Germany), VIAVI Solutions (US), Hexagon (Sweden), Keysight Technologies (US), u-blox (Switzerland), Orolia (US), CAST Navigation (US), Accord Software and System (India), IFEN (Germany), Racelogic (UK), Syntony GNSS (France), Teleorbit (Germany), iP-Solutions (Japan), Pendulum Instruments (Poland), Saluki Technology (Taiwan), Shanghai Huace Navigation Technology Ltd (China), Averna (Canada), GMV NSL (England), Brandywine Communications (US), Jackson Labs Technologies (US), Hunan Shuangln Electronic Technology (China), Work Microwave (Germany), Qascom (Italy), and M3 Systems (France).","GNSS Simulators Market by Component Type (Single Channel and Multichannel), GNSS Receiver (GPS, Galileo, GLONASS, and BeiDou), Application (Vehicle Assistance Systems, Location-based Services, and Mapping), Vertical, and Region - Global Forecast to 2025",January 2021,USD 106 million,www.marketsandmarkets.com/Market-Reports/gnss-simulators-market-72361781.html
37,"The Workplace Safety Market is expected to grow from USD 12.1 billion in 2020 to USD 19.9 billion by 2025, at a CAGR of 10.4% during the forecast period. Major vendors in the global Workplace Safety market include IBM Corporation (US), Honeywell (US), 3M (US), Hexagon AB (Sweden), Appian (US), Bosch (Germany), Cortiy Software (Canada), Enablon (Paris), Intelex (Canada), HSI (US), Vector Solutions (US), INX Software (Australia), Arventa (Australia), AWS (US), Panasonic Corporation (Japan), Damotech (Canada), Vero Solutions (England), Atheer (US), Kinetic (US), EHS Insight (US), ANVL (US), Inenseye (US), Basicsafe (US), and EngageEHS (Dublin).","Workplace Safety Market by Component (Hardware, Software, and Services), System, Application (Incident and Emergency Management, Asset Tracking, PPE Detection), Deployment Mode, End-User (Industrial and Commercial), and Region - Global Forecast to 2025",January 2021,USD 12.1 billion,www.marketsandmarkets.com/Market-Reports/workplace-safety-market-247399116.html
38,"The global railway management system market size is expected to reach USD 61.9 billion by 2025, at a Compound Annual Growth Rate (CAGR) of 8.7% during the forecast period. Major vendors in the rail asset management market include Siemens (Germany), Cisco (US), Alstom (France), Hitachi (Japan), Wabtec (US), Trimble (US), Atkins (UK), Uptake (US), Accenture (Ireland), Capgemini (France), Amadeus (Spain), Advantech (Waiwan), Thales Group (France), Eurotech (Italy), and Frequentis (Austria).","Railway Management System Market by Solution (Rail Asset Management, Track Monitoring, Revenue Management, Intelligent Signaling System, Route Planning & Scheduling, PTC, CBTC, PIS, Security & Analytics), Service, and Region - Global Forecast to 2025",January 2021,USD 61.9 billion,www.marketsandmarkets.com/Market-Reports/railway-management-system-market-193193339.html
39,"The Content Delivery Network Market is expected to grow from USD 14.4 billion in 2020 to USD 27.9 billion by 2025, at a CAGR of 14.1% during the forecast period. Major vendors operating in the CDN market include Akamai Technologies (US), Microsoft Corporation (US), IBM Corporation (US), Limelight Networks (US), Amazon Web Services, Inc. (AWS) (US), Google (US), AT&T (US), Cloudflare, Inc. (US), Verizon Media (US), Lumen Technologies (US), Deutsche Telekom AG (Germany), QUANTIL (US), StackPath, LLC (US), Fastly (US), G-Core Labs S.A. (Luxembourg), OnApp Limited (UK), Broadpeak (France), Citrix Systems (US), NTT Communications Corporation (Japan), Comcast Technology Solutions (US), Tata Communications (India), Imperva (US), Rackspace Technology (US), Leaseweb (The Netherlands), and Alibaba Cloud (China).","Content Delivery Network Market by Component (Solutions and Services), Content Type (Static and Dynamic), Provider Type (Traditional CDN, Telco CDN), Application (Media and Entertainment, Online Gaming, Healthcare), and Region - Global Forecast to 2025",January 2021,USD 14.4 billion,www.marketsandmarkets.com/Market-Reports/content-delivery-networks-cdn-market-657.html
40,"The Data Discovery Market is expected to grow from USD 7.0 billion in 2020 to USD 14.4 billion by 2025, at a CAGR of 15.6% during the forecast period. Major vendors in the global data discovery market include IBM (US), Microsoft (US), Oracle (US), Salesforce (US), SAS Institute (US), Google (US), AWS (US), Micro Focus (UK), MicroStrategy (US), Cloudera (US), PKWARE (US), Alteryx (US), Thales (France), Spirion (US), Egnyte (US), Netwrix (US), Varonis (US), Digital Guardian (US), Nightfall (US), Securiti (US), DataGrail (US), Dathena (Singapore), BigID (US), Explorium (US), 1touch.io (US), Congruity360 (US), and Concentric (US).","Data Discovery Market by Component, Functionality, Organization Size, Deployment Mode, Application, Vertical (BFSI, Healthcare and Life Sciences, Telecommunications and IT, Manufacturing), and Region - Global Forecast to 2025",January 2021,USD 7.0 billion,www.marketsandmarkets.com/Market-Reports/data-discovery-market-132252132.html
41,"The Image Recognition Market is expected to grow from USD 26.2 billion in 2020 to USD 53.0 billion by 2025, at a CAGR of 15.1% during the forecast period. Key and innovative vendors in the image recognition market include IBM (US), Google (US), Qualcomm (US), Microsoft (US), AWS (US), Trax (Singapore),NEC Corporation (Japan), Catchoom (Spain), Slyce (US), LTU Tech (France), Vispera(Turkey), Blippar(UK), Clarifai(US), Wikitude (Austria), Huawei (China), Honeywell (US), Toshiba (Japan), Oracle (US), Trigo(Israel), INFFRD (US), AIRY3D(Canada), Standard Cognition (US), Unispectral LTD (Israel), Snap2Insight(US), restb.ai(Spain), Vize by Ximilar(Czech Republic), Mirror that Lock (US).","Image Recognition Market by Technology (Digital Image Processing, Facial Recognition, Pattern Recognition), Component (Hardware, Software, and Services), Deployment Mode (On-premises & Cloud), Application, Vertical, and Region - Global Forecast to 2025",January 2021,USD 26.2 billion,www.marketsandmarkets.com/Market-Reports/image-recognition-market-222404611.html
42,"The Casino Management Systems Market is expected to grow from USD 6.4 billion in 2020 to USD 13.7 billion by 2025, at a CAGR of 16.4% during the forecast period. Major vendors offering casino management system software include Novomatic (Austria), Konami Gaming (Japan), Agilysys (US), Scientific Games (US), Oracle (US), Winsystems (Spain), Panasonic (Japan), Ensico Gaming (Slovenia), Apex Pro Gaming (Czechia), Amatic Industries (Austria), Honeywell (US), Dallmeier (Germany), HCL (India), Playtech (UK), Cyrun (US), IGT (UK), LGS (US), Wavestore (UK), Tangam Systems (US), Advansys (Slovenia), Avigilon (Canada), Casinfo Systems (US), RNGplay (India), FunFair (Ireland), Gaming Analytics (US), Delta Casino Systems (US), DAObet (Singapore), CasinoFlex Systems (Bulgaria), Omnigo (US), NtechLab (Russia), Nelysis (US), and Bateleur Systems (India).","Casino Management Systems Market by Component (Solutions and Services), Application (Accounting, Security and Surveillance, Player Tracking, Hotel and Hospitality, Analytics, and Digital Content Management), End User, and Region - Global Forecast to 2025",January 2021,USD 6.4 billion,www.marketsandmarkets.com/Market-Reports/casino-management-system-market-1021.html
43,"The Cloud Services Brokerage Market is expected to grow from USD 5.9 billion in 2020 to USD 12.9 billion by 2025, at a CAGR of 16.8% during the forecast period. The CSB market includes major vendors, such as Accenture (Ireland), IBM (US), VMware (US), Jamcracker (US), ActivePlatform (Belarus), Arrow Electronics (US), Cloudmore (Sweden), Wipro (India), DXC Technology (US), iPortalis (UK), Cognizant (US), InContinuum (Netherlands), Flexera (US), BitTitan (US), OpenText (Canada), CloudFX (Singapore), Proximitum (UK), Eshgro (Netherlands), NEC (Japan), AWS (US), CloudSME (Germany), Shivaami (India), NTT Data (US), Infosys (India), TCS (India), Pax8 (US), Oracle (US), Fujitsu (Japan), Microsoft (US), Capgemini (France), and Doublehorn (US) The major players have implemented various growth strategies to expand their global presence and increase their market shares. Key players such as Accenture, IBM, VMware, Jamcracker, and ActivePlatform have majorly adopted many growth strategies, such as new product launches, acquisitions, and partnerships, to expand their product portfolios and grow further in the CSB market.","Cloud Services Brokerage Market by Service Type (Integration & Support, Migration & Customization, and Automation & Orchestration), Platform, Deployment Model, Organization Size, Vertical, and Region, - Global Forecast to 2025",January 2021,USD 5.9 billion,www.marketsandmarkets.com/Market-Reports/cloud-brokerage-market-771.html
44,"The A2P Messaging Market is expected to grow from USD 62.1 billion in 2020 to USD 72.8 billion by 2025, at a CAGR of 3.2% during the forecast period. Major vendors in the A2P messaging market include AT&T(US) ,Sinch(Sweden), China Mobile (China), Infobip(UK), Orange (France), Route Mobile (India), Comviva (India), Twilio(US), BICS (Belgium), Monty Mobile (UK), Syniverse (US), Global Message Services (Switzerland), Tyntec(UK), Silverstreet (Singapore),Vonage (US), Genesys (US), TATA Communications(India),Cequens (Egypt),Mitto(Switzerland),ClearSky Technologies (US), Sify Technologies (India), MSG91 (India), Textlocal (UK), Clickatell (US), Kaleyra (Italy), MessageBird (The Netherlands).","A2P Messaging Market by Component (Platform and A2P Service), Application (Authentication, Promotional and Marketing, and CRM), Deployment Mode, SMS Traffic (National and Multi-Country), End User, and Region - Global Forecast to 2025",January 2021,USD 62.1 billion,www.marketsandmarkets.com/Market-Reports/premium-sms-44.html
45,"The Smart Buildings Market is expected to grow from USD 66.3 billion in 2020 to USD 108.9 billion by 2025, at a CAGR of 10.5% during the forecast period. The major vendors covered in the Smart buildings market include 75F (US), ABB (Switzerland), Aquicore (US), Bosch (US), BuildingIQ (US), Cisco (US), CopperTree Analytics (Canada), ENTOUCH (US), Hitachi (Japan), Honeywell (US), Huawei (China), IBM (US), Igor (US), Intel (US), Johnson Controls (Ireland), KMC Controls (US), Legrand (France), Mode: Green (US), PTC (US), Schneider Electric (Germany), Siemens (Germany), Softdel (US), Spaceti (Czechia), Telit (UK), and Verdigris Technologies (US).","Smart Buildings Market by Component (Solution (Safety and Security Management, Energy Management, Building Infrastructure Management, Network Management, IWMS), Services), Building Type (Residential, Commercial, Industrial), Region - Global Forecast to 2025",January 2021,USD 66.3 billion,www.marketsandmarkets.com/Market-Reports/smart-building-market-1169.html
46,"The global 5G core market size is projected to reach USD 9,497 million by 2025, at a Compound Annual Growth Rate (CAGR) of 72.0% during the forecast period. Key and innovative vendors in the in-building wireless market include Nokia (Finland), Ericsson (Sweden), Huawei (China), ZTE (China), Samsung (South Korea), Affirmed Networks(US), Mavenir(US), NEC(Japan), Cisco(US), HPE(US), Oracle(US), Athonet(Italy), Casa Systems(US), Cumucore(Finland), Druid Software(Ireland), IPLOOK (China), and Metaswitch(UK). ","5G Core Market by Component (Solutions and Services), Network Function (Access and Mobility Management Function, Policy Control Function, Unified Data Management), Deployment Model (Cloud and On-premises), End User, and Region - Global Forecast to 2025",January 2021,"USD 9,497 million",www.marketsandmarkets.com/Market-Reports/5g-core-market-136573849.html
47,"The global agriculture analytics market size is expected to grow from USD 0.8 billion in 2020 to USD 1.4 billion by 2025, at a Compound Annual Growth Rate (CAGR) of 12.2% during the forecast period.are Deere & Company (US), IBM (US), SAP SE (Germany), Trimble (US), Monsanto (US), Oracle (US), Accenture (Ireland), Iteris (US), Taranis (Israel), Agribotix (US), Agrivi (UK), DTN (US), aWhere (US), Conservis Corporation (US), DeLaval (Sweden), FBN (US), Farmers Edge (US), GEOSYS (US), Granular (US), Gro Intelligence (US), Proagrica (UK), PrecisionHawk (US), RESSON (Canada), Stesalit Systems (India), AgVue Technologies (US), Fasal (India), AGEYE Technologies (US), HelioPas AI (Baden-Württemberg), OneSoil (Belarus), and Root AI (US). ","Agriculture Analytics Market by Application Area (Farm Analytics, Livestock Analytics, and Aquaculture Analytics), Component (Solution and Services), Farm Size (Small, Medium-Sized, and Large), Deployment Type, and Region - Global Forecast to 2025 ",January 2021,USD 0.8 billion,www.marketsandmarkets.com/Market-Reports/agriculture-analytics-market-255757945.html
48,"The Product Information Management (PIM) Market is expected to grow from USD 9.0 billion in 2020 to USD 16.0 billion by 2025, at a CAGR of 12.2% during the forecast period. Some prominent players across all service types profiled in the PIM market study include Oracle (US), SAP (US), IBM (US), Informatica (US), Pimcore (Austria), Akeneo (France), Inriver (Sweden), Winshuttle (US), Riversand (US), Salsify (US), Aprimo (US), Stibo Systems (Denmark), Contentserv (Switzerland), Mobius (India), Perfion (Denmark), Profisee (US), Censhare (Germany), Vinculum (India), Pimworks (US), Truecommerce (US), Vimedici (Germany), Magnitude Software (US), Plytix (Denmark) and Syndigo (US).","Product Information Management (PIM) Market by Component (Solutions and Services), Solution (Multi-mode, and Single-mode), Deployment Type (On-premises and Cloud), Organization Size, Vertical, and Region - Global Forecast to 2025",December 2020,USD 9.0 billion,www.marketsandmarkets.com/Market-Reports/product-information-management-market-661489.html
49,"The global Influencer marketing platform market is expected to grow from USD 6.0 billion in 2020 to USD 24.1 billion by 2025 at a compound annual growth rate (CAGR) of 32.0%. during the forecast period.IZEA Worldwide (US), Quotient Technology Inc. (US), Launchmetrics (US), JuliusWorks, Inc. (US), Traackr, Inc. (US), Upfluence Inc. (US), Klear (US), AspireIQ (US), CreatorIQ (US), Mavrck (US), Impact Tech, Inc. (US), Brandwatch (UK), Linqia, Inc. (US), Onalytica (UK), Social Beat Digital Marketing LLP (India), ExpertVoice Inc. (US), Lefty (France), Lumanu Inc. (US), InfluencerDB (Germany), Taggermedia (US), Heepsy (Spain), Fourstarzz Media LLC (US), Juulr B.V. (The Netherlands), Intellifluence (US), Insense Ads, Inc. (US), Talent Village Ltd. (UK), The Room (UK), Blogmint (India), Zine Ltd. (UK), and Captiv8 Inc. (US).","Influencer Marketing Platform Market by Component, Application (Search and Discovery, Campaign Management, Influencer Relationship Management, and Analytics and Reporting), Organization Size, End User, and Region - Global Forecast to 2025",December 2020,USD 6.0 billion,www.marketsandmarkets.com/Market-Reports/influencer-marketing-platform-market-294138.html
